{"BasicSettingController":{"Data":{"ProgramToRun":"D:\\UBB-Didactic\\An 1\\POO\\Lab 10-11\\ApartamnetApp\\x64\\Debug\\ApartamnetApp.exe","OptionalWorkingDirectory":"D:\\UBB-Didactic\\An 1\\POO\\Lab 10-11\\ApartamnetApp\\ApartamnetApp\\","Arguments":"","CompileBeforeRunning":true,"OptimizedBuild":false},"IsSelectedByProjectPath":{"ApartamnetApp\\ApartamnetApp.vcxproj":true}},"FilterSettingController":{"AdditionalSourcePatterns":[],"AdditionalModulePatterns":[],"ExcludedSourcePatterns":[],"ExcludedModulePatterns":[],"UnifiedDiffs":[]},"ImportExportSettingController":{"Exports":[],"InputCoverages":[],"CoverChildrenProcesses":false,"AggregateByFile":true},"MiscellaneousSettingController":{"OptionalConfigFile":null,"LogTypeValue":0,"ContinueAfterCppExceptions":false}}